file,r_alpha_a,r_alpha_t0,r_a_t0,pp,cond,ans,att,acc
pp109_control_ans0_att20_acc100.csv,-0.006070122201267507,0.017923900335624767,-0.6110429215778321,109,control,0,20,100
pp560_guess_ans0_att18_acc62.csv,-0.0019116339263416915,0.0002512079596898685,-0.8747759766058429,560,guess,0,18,62
pp38_guess_ans0_att13_acc51.csv,-0.011989047255652226,0.008612357274822756,-0.5052325735808926,38,guess,0,13,51
pp355_control_ans0_att19_acc74.csv,-0.015081281435756549,0.015676809599750704,-0.4091157643069317,355,control,0,19,74
pp218_guess_ans0_att17_acc52.csv,-0.0004495053879775227,-0.0013541592400443195,-0.8235338613655184,218,guess,0,17,52
pp375_control_ans0_att19_acc66.csv,-0.01207572881023508,0.001398735384625545,-0.48493851783010306,375,control,0,19,66
pp74_guess_ans0_att20_acc76.csv,-0.007775908858221559,-0.0002366583806527396,-0.47168719520761,74,guess,0,20,76
pp500_guess_ans0_att20_acc67.csv,-0.0071163789725152,-0.012698561155115423,-0.6952541808191829,500,guess,0,20,67
pp168_guess_ans0_att20_acc79.csv,-0.00265248480777056,0.003678968642969435,-0.5421342177026228,168,guess,0,20,79
pp420_guess_ans0_att20_acc69.csv,-0.0073699340240836395,0.006543216658228551,-0.3471140177659827,420,guess,0,20,69
pp19_control_ans0_att12_acc52.csv,-0.00787219514344807,-0.0019530329042486024,-0.8879883638767095,19,control,0,12,52
pp317_control_ans0_att20_acc73.csv,-0.0030342506634037153,0.004998183966256017,-0.5359280583845455,317,control,0,20,73
pp131_control_ans0_att18_acc61.csv,-0.002579078637257912,0.0033426742369064393,-0.8919702468840317,131,control,0,18,61
pp509_control_ans0_att20_acc96.csv,-0.002337934774398455,-0.0014425939981718853,-0.5727269116894659,509,control,0,20,96
pp372_guess_ans0_att19_acc89.csv,-0.018787053175579875,0.0261538037303823,-0.5801602279763309,372,guess,0,19,89
pp382_guess_ans0_att19_acc60.csv,-0.0018900911719429122,0.004516156125851088,-0.44845068598355464,382,guess,0,19,60
pp179_control_ans0_att20_acc68.csv,0.007886668522426976,0.002385871553224768,-0.6984985264752749,179,control,0,20,68
pp234_guess_ans0_att19_acc72.csv,-0.01031853356101791,-0.004439884707507747,-0.3905638235858017,234,guess,0,19,72
pp272_guess_ans0_att19_acc56.csv,0.03057024529292019,-0.010235467499500205,-0.655561798049218,272,guess,0,19,56
pp534_guess_ans0_att18_acc57.csv,0.029685010692851226,-0.02780188666885858,-0.906185273787615,534,guess,0,18,57
pp78_guess_ans0_att20_acc69.csv,-0.005995152596873731,0.01424073297656459,-0.73639034148237,78,guess,0,20,69
pp283_control_ans0_att20_acc78.csv,0.005518840797137314,-0.014953784402407555,-0.5824827025506346,283,control,0,20,78
pp162_guess_ans0_att15_acc60.csv,0.006516966906076129,0.00468829280308916,-0.4869745705375152,162,guess,0,15,60
pp402_guess_ans0_att18_acc65.csv,0.0019640883329537246,-0.006852247652517729,-0.635243861390366,402,guess,0,18,65
pp167_control_ans0_att20_acc96.csv,0.016277718364713242,0.004085228595854174,-0.7660194652584176,167,control,0,20,96
pp387_control_ans0_att20_acc62.csv,-0.02713289437472719,0.018592116713919547,-0.6332788182045433,387,control,0,20,62
pp66_guess_ans0_att20_acc75.csv,0.015043613758960623,-0.001963070215210405,-0.4498679378001123,66,guess,0,20,75
pp556_guess_ans0_att20_acc81.csv,0.012199303993693447,-0.009818752941415525,-0.9031765707958253,556,guess,0,20,81
pp582_guess_ans0_att20_acc64.csv,-0.004405476894776738,0.005604460940498014,-0.9470435855805921,582,guess,0,20,64
pp53_control_ans0_att19_acc68.csv,0.002284089033263916,0.031169742348417042,-0.573485972077683,53,control,0,19,68
pp570_guess_ans0_att17_acc67.csv,-0.030569223571696533,0.03913641746562545,-0.5072963927887806,570,guess,0,17,67
pp169_control_ans0_att17_acc55.csv,-0.030778274988361946,0.01990492552606792,-0.8185066848007191,169,control,0,17,55
pp125_control_ans0_att17_acc66.csv,0.001623197313820695,0.006780797931643301,-0.6704723402616949,125,control,0,17,66
pp83_control_ans0_att20_acc75.csv,0.019242525092308976,0.015456770853791156,-0.6631586396205341,83,control,0,20,75
pp384_guess_ans0_att19_acc67.csv,0.0007899718849018063,-0.0051942787888986,-0.7754850641999054,384,guess,0,19,67
pp112_guess_ans0_att19_acc64.csv,0.00025635343956298634,0.01061386727539808,-0.47765226390385923,112,guess,0,19,64
pp373_control_ans0_att20_acc85.csv,-0.005056106484559228,-0.0011222413751618826,-0.5450312247456254,373,control,0,20,85
pp311_control_ans0_att20_acc65.csv,0.004694925208479594,0.008575244544101506,-0.7362582271861705,311,control,0,20,65
pp398_guess_ans0_att20_acc83.csv,-0.004804699867149623,0.014461562107736203,-0.6098343418656116,398,guess,0,20,83
pp333_control_ans0_att18_acc69.csv,0.0021109391953727887,-0.008022715772710418,-0.5329714360873734,333,control,0,18,69
pp104_guess_ans0_att20_acc86.csv,-0.025275758477772362,0.02481438074382134,-0.5618863871723501,104,guess,0,20,86
pp537_control_ans0_att20_acc81.csv,0.01640255240530077,-0.033243525481334725,-0.5167890464803557,537,control,0,20,81
pp141_control_ans0_att20_acc69.csv,0.01003216789855542,-0.01274810596791932,-0.9094763601929016,141,control,0,20,69
pp144_guess_ans0_att17_acc73.csv,0.0001727511772161751,0.00698689573385799,-0.31975149704882344,144,guess,0,17,73
pp217_control_ans0_att20_acc72.csv,0.019734949389868566,-0.004204638617023219,-0.45357408182606673,217,control,0,20,72
pp215_control_ans0_att20_acc77.csv,-0.009710949884377325,0.038886380136990965,-0.4949203325597714,215,control,0,20,77
pp401_control_ans0_att18_acc62.csv,-0.0048005546590050435,0.01353392492570155,-0.5727648650219671,401,control,0,18,62
pp79_control_ans0_att20_acc87.csv,0.005977155480989537,0.0010573363578333173,-0.44733726649835753,79,control,0,20,87
pp246_guess_ans0_att19_acc61.csv,0.002338174076942942,-0.009446180551682724,-0.6832248310378658,246,guess,0,19,61
pp532_guess_ans0_att20_acc81.csv,0.012302249751981032,-0.019008937881061644,-0.5934232759014759,532,guess,0,20,81
pp313_control_ans0_att20_acc71.csv,0.0066774099869426765,-0.01214701790518834,-0.9240470558849023,313,control,0,20,71
pp476_guess_ans0_att19_acc74.csv,-0.023577271259576045,0.0026989437522452293,-0.3108512322874559,476,guess,0,19,74
pp56_guess_ans0_att20_acc72.csv,-0.020017155660687253,0.007875286727835648,-0.6899614084820687,56,guess,0,20,72
pp120_guess_ans0_att20_acc65.csv,0.002449204516396083,-0.004714594849901575,-0.6391076144229365,120,guess,0,20,65
pp197_control_ans0_att20_acc100.csv,-0.01647951593062389,0.01229455974130334,-0.7294311065430694,197,control,0,20,100
pp288_guess_ans0_att18_acc59.csv,0.0010721962000272453,0.01242476403586636,-0.3317725782729368,288,guess,0,18,59
pp183_control_ans0_att20_acc88.csv,-0.02728746205220344,0.029663627758026067,-0.5200322985937897,183,control,0,20,88
pp441_control_ans0_att20_acc84.csv,0.02314220607351099,-0.006834030857181839,-0.43448620149347816,441,control,0,20,84
pp114_guess_ans0_att20_acc73.csv,0.025390079566901865,-0.031099212954610447,-0.5537268891179035,114,guess,0,20,73
pp354_guess_ans0_att18_acc64.csv,0.002839350991247234,-0.013016145631739045,-0.6155683409492886,354,guess,0,18,64
pp324_guess_ans0_att17_acc56.csv,0.011249770493171912,-0.009327832630706249,-0.511512599446212,324,guess,0,17,56
pp171_control_ans0_att20_acc79.csv,-0.0033328857904771614,0.015286510193218686,-0.5490114696596802,171,control,0,20,79
pp262_guess_ans0_att20_acc68.csv,-0.004803130227180646,-0.003062809621952426,-0.43792222818672283,262,guess,0,20,68
pp326_guess_ans0_att16_acc63.csv,-0.0007013303608662138,0.009591739638562562,-0.4624399424189576,326,guess,0,16,63
pp485_control_ans0_att20_acc99.csv,-0.016202607729768614,0.0027549225345182503,-0.6176119483770671,485,control,0,20,99
pp137_control_ans0_att20_acc76.csv,-0.005968908277110784,0.022546164222811787,-0.7306213301311184,137,control,0,20,76
pp178_guess_ans0_att20_acc70.csv,-0.010427700888689266,0.003279322522773427,-0.3668749340889035,178,guess,0,20,70
pp439_control_ans0_att20_acc84.csv,-0.01422550172736181,0.001283174536313284,-0.5478898210945602,439,control,0,20,84
pp32_guess_ans0_att18_acc62.csv,0.01859216508024187,-0.012582724398293908,-0.454717702556004,32,guess,0,18,62
pp258_guess_ans0_att20_acc69.csv,0.013320052287960701,0.0073440018809583256,-0.39556771181066486,258,guess,0,20,69
pp410_guess_ans0_att20_acc72.csv,-0.010910033339716742,0.0011065079234360718,-0.6990679985040612,410,guess,0,20,72
pp345_control_ans0_att19_acc67.csv,0.023478271937929,-0.020116799201810986,-0.5672855175093127,345,control,0,19,67
pp251_control_ans0_att20_acc83.csv,0.039532363148674865,-0.03511168084639121,-0.49852508459818184,251,control,0,20,83
pp341_control_ans0_att20_acc90.csv,0.005369189645611829,0.0034806406132579324,-0.4787010969014765,341,control,0,20,90
pp580_guess_ans0_att20_acc60.csv,0.01077735693538474,0.013121258521789442,-0.5584895153912872,580,guess,0,20,60
pp15_control_ans0_att20_acc78.csv,0.017306069972303783,0.0014930592915017892,-0.45239831476991127,15,control,0,20,78
pp135_control_ans0_att19_acc65.csv,0.02290488484795712,-0.017780688615534584,-0.5482145339839938,135,control,0,19,65
pp207_control_ans0_att20_acc72.csv,-0.008324079354516142,0.00947314782922656,-0.6967885959983797,207,control,0,20,72
pp64_guess_ans0_att20_acc69.csv,-0.01835268536188411,0.005912262935857196,-0.7362559697329197,64,guess,0,20,69
pp99_control_ans0_att20_acc89.csv,0.004960497481570782,-0.004578006073771228,-0.5020138785970792,99,control,0,20,89
pp138_guess_ans0_att20_acc79.csv,0.015048858561145488,-0.008956785942857206,-0.7265978009348554,138,guess,0,20,79
pp269_control_ans0_att20_acc64.csv,0.023370523310649798,-0.03057341983728445,-0.8306343908056764,269,control,0,20,64
pp440_guess_ans0_att19_acc67.csv,-0.0031504621235811485,0.016427748277756515,-0.7146995724043422,440,guess,0,19,67
pp216_guess_ans0_att19_acc70.csv,-0.016000635810873885,0.004164439969014447,-0.587523552729026,216,guess,0,19,70
pp146_guess_ans0_att20_acc61.csv,0.012257143861624326,0.022114801921887195,-0.5171999863432546,146,guess,0,20,61
pp366_guess_ans0_att20_acc81.csv,-0.01207096200334819,0.00907405229918264,-0.33646772436946076,366,guess,0,20,81
pp80_guess_ans0_att20_acc80.csv,-0.0007259890282700349,0.011828582219192186,-0.4877192422928138,80,guess,0,20,80
pp160_guess_ans0_att20_acc77.csv,0.019721036657041356,-0.024950267092241882,-0.7386304416600005,160,guess,0,20,77
pp132_guess_ans0_att20_acc72.csv,0.02183959281244055,-0.019509520348386263,-0.5065202773116159,132,guess,0,20,72
pp118_guess_ans0_att17_acc67.csv,-0.008858550626286666,0.030126760908510835,-0.4028104416186764,118,guess,0,17,67
pp124_guess_ans0_att20_acc67.csv,-0.004093267723498633,0.015445713909634437,-0.6118270686020417,124,guess,0,20,67
pp103_control_ans0_att19_acc64.csv,-0.01613355225281457,-0.0027804250648758963,-0.4304729722895761,103,control,0,19,64
pp210_guess_ans0_att20_acc69.csv,0.013499692570232938,-0.03032177383746969,-0.6229426039221077,210,guess,0,20,69
pp399_control_ans0_att16_acc64.csv,0.006165556802554676,-0.016115555150810954,-0.49679005085428457,399,control,0,16,64
pp195_control_ans0_att19_acc68.csv,0.013291686213682841,-0.018032625469732406,-0.4985564151026237,195,control,0,19,68
pp498_guess_ans0_att20_acc84.csv,-0.014945492238421319,0.023873685621445102,-0.5378624993514493,498,guess,0,20,84
pp96_guess_ans0_att12_acc54.csv,0.03194659837694515,-0.04167571071252629,-0.7156670330773387,96,guess,0,12,54
pp499_control_ans0_att20_acc71.csv,-0.030881095355223834,0.02408611294807166,-0.5392480554604379,499,control,0,20,71
pp392_guess_ans0_att20_acc67.csv,-0.004154044058343621,-0.004853589586793231,-0.7619077629939993,392,guess,0,20,67
pp318_guess_ans0_att19_acc63.csv,0.03502705128127239,0.022285006282448803,-0.3195408530750972,318,guess,0,19,63
pp566_guess_ans0_att20_acc64.csv,-0.00910998208131854,-0.003741112033641433,-0.6508528811679639,566,guess,0,20,64
pp285_control_ans0_att20_acc69.csv,-0.014484349925269934,0.029956968041742527,-0.5792578448826353,285,control,0,20,69
pp249_control_ans0_att19_acc94.csv,-0.020537567440164974,0.01379731725418898,-0.6049197938326238,249,control,0,19,94
pp85_control_ans0_att20_acc69.csv,0.004820312041460602,0.0015154943695754625,-0.7404324612629269,85,control,0,20,69
pp459_control_ans0_att19_acc86.csv,0.027358140204876254,-0.01760713166618466,-0.3769965758273651,459,control,0,19,86
pp122_guess_ans0_att12_acc54.csv,-0.0025363992698827255,0.007239536210839626,-0.6138729549006712,122,guess,0,12,54
pp409_control_ans0_att17_acc64.csv,-0.010020671266375783,-0.01666681359843911,-0.3458621630439762,409,control,0,17,64
pp46_guess_ans0_att20_acc76.csv,-0.011558840950076137,0.013746006432820628,-0.618393341964558,46,guess,0,20,76
pp561_control_ans0_att20_acc74.csv,0.003704522456429658,0.018436639593947014,-0.4886660450125482,561,control,0,20,74
pp468_guess_ans0_att20_acc64.csv,0.013644251376221397,-0.007008139814404312,-0.5985443829406144,468,guess,0,20,64
pp594_guess_ans0_att20_acc94.csv,0.018661900961316855,-0.00161064817683342,-0.5424880835276644,594,guess,0,20,94
pp27_control_ans0_att19_acc69.csv,-0.002826498573391909,0.013474377158342559,-0.48516930854889145,27,control,0,19,69
pp346_guess_ans0_att20_acc70.csv,0.004781731575084346,0.002841220440933448,-0.6283857939435674,346,guess,0,20,70
pp519_control_ans0_att20_acc83.csv,-0.019941427268710423,0.019556578555141084,-0.4772264998204847,519,control,0,20,83
pp175_control_ans0_att20_acc99.csv,-0.006283634553582633,-0.006370933327942563,-0.696076064895445,175,control,0,20,99
pp172_guess_ans0_att19_acc56.csv,-0.008712937875579748,-0.010521619429507216,-0.569410631524441,172,guess,0,19,56
pp362_guess_ans0_att20_acc65.csv,0.023191807932247333,0.0025263349842460253,-0.3761912278859612,362,guess,0,20,65
pp126_guess_ans0_att20_acc70.csv,0.014682243439122136,-0.03301834730874492,-0.7567112875522283,126,guess,0,20,70
pp202_guess_ans0_att20_acc75.csv,0.01278815108779576,-0.0022456951213831763,-0.6509411621575835,202,guess,0,20,75
pp371_control_ans0_att20_acc67.csv,0.03813229356203038,-0.0030323025412267277,-0.4656591747015831,371,control,0,20,67
pp229_control_ans0_att18_acc65.csv,0.011966347988092905,0.00026270800672483315,-0.5272589856196023,229,control,0,18,65
pp101_control_ans0_att20_acc76.csv,0.04773426334644017,-0.03078419743866292,-0.6722025504123544,101,control,0,20,76
pp472_guess_ans0_att20_acc73.csv,0.012957779877275106,-0.008919679746679413,-0.44391875118411545,472,guess,0,20,73
pp604_guess_ans0_att17_acc82.csv,0.00038072478476176673,0.003968893539303211,-0.5235992355649309,604,guess,0,17,82
pp418_guess_ans0_att19_acc63.csv,0.0036618671230998832,-0.01452279043890354,-0.688876615333684,418,guess,0,19,63
pp489_control_ans0_att19_acc66.csv,0.017828393675056457,0.0034660781100726407,-0.6236346761984741,489,control,0,19,66
pp429_control_ans0_att20_acc95.csv,0.0031531864772744223,-0.004529506602503933,-0.643310948449106,429,control,0,20,95
pp491_control_ans0_att16_acc56.csv,0.009946183816307845,0.008540101715682886,-0.6226218324721586,491,control,0,16,56
pp445_control_ans0_att20_acc98.csv,0.015938443293836903,-0.01749583726030352,-0.7716163555603687,445,control,0,20,98
pp386_guess_ans0_att20_acc88.csv,0.018333877123527086,-0.013500913968729598,-0.6378627538452257,386,guess,0,20,88
pp460_guess_ans0_att19_acc76.csv,-0.00630325926631904,0.004461994253179082,-0.7115599835838357,460,guess,0,19,76
pp431_control_ans0_att20_acc100.csv,-0.003918185174572089,-0.001162745731957596,-0.6120391156986745,431,control,0,20,100
pp276_guess_ans0_att14_acc62.csv,-0.009101207285884998,-0.00210616712770666,-0.707292536366299,276,guess,0,14,62
pp397_control_ans0_att19_acc56.csv,-0.013147987268266152,0.01806694504413851,-0.8542639317666189,397,control,0,19,56
pp385_control_ans0_att18_acc67.csv,-0.010559934945873478,0.015936357959995748,-0.8645664904524732,385,control,0,18,67
pp601_control_ans0_att20_acc93.csv,0.008822718313328561,-0.004441417956632705,-0.5006523273899945,601,control,0,20,93
pp65_control_ans0_att20_acc73.csv,0.0004990718857878478,0.0019832593293978404,-0.5713059360919304,65,control,0,20,73
pp294_guess_ans0_att17_acc64.csv,-0.005922740001718657,0.006913089962781662,-0.590840919557908,294,guess,0,17,64
pp295_control_ans0_att20_acc93.csv,-0.0326691067320096,0.030654057290694717,-0.7456419805457751,295,control,0,20,93
pp479_control_ans0_att20_acc68.csv,-0.014237800301750399,0.025307533666959307,-0.55928070812275,479,control,0,20,68
pp309_control_ans0_att13_acc52.csv,0.00023956084772319328,0.004205012078113588,-0.9510793738314683,309,control,0,13,52
pp456_guess_ans0_att20_acc61.csv,-0.009061834348818656,0.0005039440568880211,-0.7287727658909177,456,guess,0,20,61
pp257_control_ans0_att20_acc69.csv,0.016974582688205123,-0.0031216529047609454,-0.5135306354110956,257,control,0,20,69
pp433_control_ans0_att19_acc78.csv,0.0006865179022908667,-0.005365580662981083,-0.4026755782372155,433,control,0,19,78
pp248_guess_ans0_att19_acc62.csv,0.019024732059874448,-0.013928082457276801,-0.732143637368201,248,guess,0,19,62
pp464_guess_ans0_att20_acc67.csv,0.007110498583882451,-0.01568529518562255,-0.7527791967658569,464,guess,0,20,67
pp279_control_ans0_att19_acc84.csv,0.009341632017296642,0.019896484540224454,-0.5397255389111425,279,control,0,19,84
pp245_control_ans0_att15_acc54.csv,-0.008844863269835695,-0.0037713876058458715,-0.665233792347895,245,control,0,15,54
pp565_control_ans0_att20_acc83.csv,0.011467128884568207,-0.020659791755556038,-0.5040308716731248,565,control,0,20,83
pp361_control_ans0_att20_acc69.csv,0.001810919718382476,0.006763841930069628,-0.6189981621730654,361,control,0,20,69
pp395_control_ans0_att20_acc65.csv,0.017513425149850756,-0.016296124873080135,-0.8187189853489832,395,control,0,20,65
pp517_control_ans0_att19_acc70.csv,0.008821529225298793,-0.006529449022164554,-0.6653945598176206,517,control,0,19,70
pp381_control_ans0_att15_acc60.csv,0.013020915317587325,-0.01259055654817541,-0.5037825681111192,381,control,0,15,60
pp264_guess_ans0_att20_acc59.csv,-0.0030397345203557456,-0.001462134578818528,-0.7442837531975824,264,guess,0,20,59
pp437_control_ans0_att20_acc88.csv,0.015965841546639385,-0.019110564136710702,-0.5519128517626879,437,control,0,20,88
pp221_control_ans0_att20_acc69.csv,-0.01564195217355644,0.011379326208163098,-0.4799679897553919,221,control,0,20,69
pp299_control_ans0_att12_acc59.csv,-0.004722215455988098,-0.013546698850064666,-0.6976056378547816,299,control,0,12,59
pp227_control_ans0_att19_acc75.csv,-0.0033337268982702134,0.0289138601905027,-0.6454711800211015,227,control,0,19,75
pp548_guess_ans0_att14_acc53.csv,-0.009473375060954794,0.012563900438181149,-0.9505301296814809,548,guess,0,14,53
pp595_control_ans0_att20_acc100.csv,0.006622705124398068,0.012910028895448527,-0.71278379610902,595,control,0,20,100
pp606_guess_ans0_att12_acc51.csv,0.007063546026558154,0.006638619291067213,-0.37553793401977137,606,guess,0,12,51
pp35_control_ans0_att16_acc59.csv,0.007553393554808454,0.00283268626546142,-0.687769060386538,35,control,0,16,59
pp128_guess_ans0_att16_acc53.csv,0.005306306406325361,-0.007663751020639498,-0.9318934057885219,128,guess,0,16,53
pp528_guess_ans0_att17_acc68.csv,-0.002879885200275202,0.01863598041452841,-0.3380883756776213,528,guess,0,17,68
pp280_guess_ans0_att14_acc64.csv,0.0163903803290621,0.0005245750255421135,-0.5006551414284861,280,guess,0,14,64
pp348_guess_ans0_att20_acc63.csv,0.003316594013263578,-0.00383994121515779,-0.5232774580133112,348,guess,0,20,63
pp457_control_ans0_att20_acc75.csv,0.016694065170140885,0.01673907596182741,-0.4417900024358976,457,control,0,20,75
pp412_guess_ans0_att18_acc57.csv,0.011886704712290575,-0.0009651449919185952,-0.7580171847020175,412,guess,0,18,57
pp421_control_ans0_att20_acc68.csv,-0.000306245769720835,-0.016686069698487033,-0.5101835243927371,421,control,0,20,68
pp159_control_ans0_att20_acc65.csv,-0.004737993026349779,0.0034026615880685287,-0.7926196617428466,159,control,0,20,65
pp347_control_ans0_att18_acc60.csv,0.0041216994990016945,-0.028144805473747005,-0.5752975789911297,347,control,0,18,60
pp312_guess_ans0_att20_acc75.csv,0.0029784135222765845,-0.008297885926145214,-0.7456522618749513,312,guess,0,20,75
pp255_control_ans0_att19_acc64.csv,0.014017498997025283,-0.020295884953930088,-0.5043424557893378,255,control,0,19,64
pp481_control_ans0_att19_acc62.csv,-0.019829080236618297,0.010912632566113875,-0.7621226023605236,481,control,0,19,62
pp407_control_ans0_att20_acc77.csv,0.02380843951432715,-0.01948720669309074,-0.6695674487710289,407,control,0,20,77
pp45_control_ans0_att20_acc68.csv,0.014336778279804036,-0.013325280715510916,-0.8605430698398272,45,control,0,20,68
pp297_control_ans0_att20_acc65.csv,0.007396805999536563,-0.0051664741745872855,-0.701722025185509,297,control,0,20,65
pp494_guess_ans0_att19_acc63.csv,-0.017310189182045282,0.013562594691011778,-0.7890125134500158,494,guess,0,19,63
pp199_control_ans0_att20_acc68.csv,0.017844099775473497,-0.015391359377310405,-0.945626350033415,199,control,0,20,68
pp287_control_ans0_att20_acc69.csv,0.03348712081671956,-0.024028878166387983,-0.4044065227260055,287,control,0,20,69
pp50_guess_ans0_att20_acc79.csv,0.009658153514216963,-0.009021528498904722,-0.5248340351370522,50,guess,0,20,79
pp259_control_ans0_att20_acc82.csv,-0.007299032106607993,0.0018125418152624688,-0.6115095738384703,259,control,0,20,82
pp54_guess_ans0_att12_acc51.csv,0.006703656206826741,0.019069615881061257,-0.4404727993278466,54,guess,0,12,51
pp330_guess_ans0_att19_acc77.csv,0.00021048093471105718,-0.004682364214032043,-0.5341762378832171,330,guess,0,19,77
pp406_guess_ans0_att20_acc67.csv,0.012836293242912668,-0.027684881291503916,-0.8195122243676196,406,guess,0,20,67
pp149_control_ans0_att18_acc60.csv,0.004153765858498087,-0.00778820106255096,-0.49298566444642156,149,control,0,18,60
pp320_guess_ans0_att20_acc87.csv,0.017628183206038747,0.002669115565625442,-0.41078330310195404,320,guess,0,20,87
pp444_guess_ans0_att19_acc61.csv,0.003909121614641028,-0.006585602557558013,-0.8351390916590782,444,guess,0,19,61
pp569_control_ans0_att20_acc99.csv,-0.015866372137837727,0.016615259804315198,-0.8412563294464839,569,control,0,20,99
pp147_control_ans0_att20_acc87.csv,-0.01027411579185472,-0.013987110005965555,-0.5535700223045885,147,control,0,20,87
pp232_guess_ans0_att20_acc61.csv,-0.0015232877014928197,0.00840491804658933,-0.6602003076200573,232,guess,0,20,61
pp438_guess_ans0_att20_acc64.csv,0.0030360901387959417,0.000838792614303636,-0.841860640001921,438,guess,0,20,64
pp452_guess_ans0_att20_acc76.csv,0.014173441658525679,-0.007864447232078084,-0.6339632260225272,452,guess,0,20,76
pp119_control_ans0_att19_acc66.csv,0.0007167126902684216,-0.01227376329396211,-0.7781932072110647,119,control,0,19,66
pp541_control_ans0_att20_acc84.csv,-0.015117682132478098,-0.004273431651013768,-0.494636495650933,541,control,0,20,84
pp29_control_ans0_att15_acc54.csv,0.020504592689614184,0.00024356436939457668,-0.6850113681473349,29,control,0,15,54
pp52_guess_ans0_att20_acc76.csv,-0.009504828317099425,0.0022234928731296143,-0.5214857891440059,52,guess,0,20,76
pp478_guess_ans0_att19_acc68.csv,-0.012953158963394476,0.014372704378976904,-0.5460703132511177,478,guess,0,19,68
pp496_guess_ans0_att20_acc73.csv,-0.002435006573465735,-0.014619636015754696,-0.6840144531360958,496,guess,0,20,73
pp174_guess_ans0_att20_acc81.csv,0.009789255567568508,-0.00489200107813035,-0.4984665475352936,174,guess,0,20,81
pp442_guess_ans0_att18_acc56.csv,-0.00239991370620332,0.03558748741794403,-0.48832298060172113,442,guess,0,18,56
pp360_guess_ans0_att20_acc90.csv,-0.005905758354971599,0.020785131463155252,-0.6097057737669567,360,guess,0,20,90
pp263_control_ans0_att14_acc60.csv,-0.005151099706120776,0.00496494843605521,-0.5717690777784646,263,control,0,14,60
pp351_control_ans0_att20_acc64.csv,0.0046166534035589745,0.016246601032837146,-0.6606921321879343,351,control,0,20,64
pp378_guess_ans0_att19_acc63.csv,0.004629676823473756,-0.002094341978424635,-0.6053595610649073,378,guess,0,19,63
pp380_guess_ans0_att20_acc62.csv,-0.011511664109726318,0.019674261116785604,-0.34177625494725405,380,guess,0,20,62
pp577_control_ans0_att20_acc90.csv,-0.011668663891251093,-0.002902338471893396,-0.5028397184110949,577,control,0,20,90
pp306_guess_ans0_att20_acc82.csv,0.006235505388245597,-0.0026234944447662565,-0.5938772270091331,306,guess,0,20,82
pp436_guess_ans0_att20_acc74.csv,-0.005100491904095128,0.018886456260409953,-0.44204851993450384,436,guess,0,20,74
pp329_control_ans0_att19_acc62.csv,0.020230528445970345,-0.013279851291272335,-0.5995692882096229,329,control,0,19,62
pp70_guess_ans0_att20_acc71.csv,-0.0016875318141606542,-0.014757818553493588,-0.6770500196085518,70,guess,0,20,71
pp544_guess_ans0_att20_acc82.csv,0.005008137970330911,0.014288761171627312,-0.48972521911440003,544,guess,0,20,82
pp184_guess_ans0_att19_acc74.csv,0.01729515313784517,0.0033856069125917303,-0.6970891860161835,184,guess,0,19,74
pp88_guess_ans0_att20_acc74.csv,0.002092337402660569,-0.00790884095480057,-0.8269277535495976,88,guess,0,20,74
pp374_guess_ans0_att20_acc86.csv,-0.020694715526646798,0.034422211730515684,-0.604927096890667,374,guess,0,20,86
pp145_control_ans0_att18_acc61.csv,0.010987340858310908,-0.0058288538966234605,-0.4326800294561159,145,control,0,18,61
pp187_control_ans0_att20_acc97.csv,-0.008250540278037528,-0.0060364671467517846,-0.7683328699419585,187,control,0,20,97
pp72_guess_ans0_att20_acc62.csv,0.01371107681409189,-0.028246619053732755,-0.5855430036165044,72,guess,0,20,62
pp486_guess_ans0_att20_acc68.csv,-0.0019172274849538502,-0.0007505831325913968,-0.6476476906681254,486,guess,0,20,68
pp473_control_ans0_att15_acc55.csv,0.02109429338911177,-0.014258747660705319,-0.7505284137083039,473,control,0,15,55
pp161_control_ans0_att20_acc98.csv,0.007430608282479693,0.005849412301255598,-0.5852227078880936,161,control,0,20,98
pp469_control_ans0_att20_acc67.csv,-0.0312648285108732,0.019818479189600342,-0.5214682320440861,469,control,0,20,67
pp36_guess_ans0_att20_acc66.csv,0.017109427534475464,-0.011889914247399758,-0.7388631173588586,36,guess,0,20,66
pp289_control_ans0_att19_acc66.csv,-0.01061130079714892,0.009830781301800018,-0.6594334985053192,289,control,0,19,66
pp342_guess_ans0_att20_acc81.csv,0.004948731682718688,0.010303362766570465,-0.6482342187585497,342,guess,0,20,81
pp281_control_ans0_att16_acc57.csv,-0.01632568465878732,0.010862200033398276,-0.7104107932104754,281,control,0,16,57
pp377_control_ans0_att18_acc61.csv,-0.01350537807081945,0.03949263436485838,-0.3237425883229957,377,control,0,18,61
pp142_guess_ans0_att20_acc64.csv,6.544513039134833e-05,-0.00838351475701481,-0.5583798614323423,142,guess,0,20,64
pp393_control_ans0_att20_acc67.csv,0.019626880454680428,-0.01907131105220599,-0.4876321551782251,393,control,0,20,67
pp238_guess_ans0_att17_acc68.csv,0.024645808229248944,-0.013400841246960383,-0.47980972604220706,238,guess,0,17,68
pp60_guess_ans0_att20_acc78.csv,-0.004589314146004404,0.015310429383987127,-0.46685462307207115,60,guess,0,20,78
pp181_control_ans0_att20_acc95.csv,0.006196432579102999,-0.011307255004145662,-0.6510327800983924,181,control,0,20,95
pp291_control_ans0_att20_acc85.csv,0.001760507044981694,0.0038045119615063927,-0.4952613828342014,291,control,0,20,85
pp352_guess_ans0_att19_acc65.csv,-0.012308079561854176,0.015830447353414493,-0.9286399754460257,352,guess,0,19,65
pp222_guess_ans0_att12_acc51.csv,0.020245192047813634,-0.020744438816775665,-0.9086766972743616,222,guess,0,12,51
pp244_guess_ans0_att20_acc63.csv,-0.005409622692733301,0.007123480230420015,-0.7365566864174002,244,guess,0,20,63
pp220_guess_ans0_att20_acc95.csv,0.005579459824619574,0.00592706992573729,-0.715655894499379,220,guess,0,20,95
pp413_control_ans0_att20_acc64.csv,0.001207262783413434,0.0027637397666402347,-0.8542084497316509,413,control,0,20,64
pp89_control_ans0_att20_acc79.csv,0.009451939059221606,-0.009423622076139176,-0.714358548906823,89,control,0,20,79
pp205_control_ans0_att20_acc83.csv,-0.01669702941510557,0.02159519492430413,-0.6547431003173848,205,control,0,20,83
pp549_control_ans0_att18_acc71.csv,-0.011468249143286998,-0.00835535195472295,-0.779293184077166,549,control,0,18,71
pp394_guess_ans0_att19_acc63.csv,0.0076253643934673185,-0.0033448014257555984,-0.7428615825227531,394,guess,0,19,63
pp536_guess_ans0_att20_acc54.csv,0.007504377308428161,0.002806702049111612,-0.661172577271174,536,guess,0,20,54
pp240_guess_ans0_att20_acc61.csv,0.0033837900419044415,0.00214671115352361,-0.45183762514175824,240,guess,0,20,61
pp578_guess_ans0_att18_acc62.csv,0.017794185503864624,0.00023723844838230432,-0.5399485333553203,578,guess,0,18,62
pp503_control_ans0_att19_acc66.csv,-0.01520557466829674,0.008801915044669872,-0.28936980218579483,503,control,0,19,66
pp467_control_ans0_att20_acc74.csv,0.0032001446506634964,-0.007635810806688197,-0.6968546913195934,467,control,0,20,74
pp235_control_ans0_att20_acc68.csv,-0.007478123420850025,0.010568215968729899,-0.5574451662995468,235,control,0,20,68
pp502_guess_ans0_att18_acc67.csv,-0.002889095696816876,0.009483255296867705,-0.6231175221241093,502,guess,0,18,67
pp603_control_ans0_att20_acc64.csv,0.016914273189906334,-0.02551195800795512,-0.7007127431389136,603,control,0,20,64
pp49_control_ans0_att20_acc95.csv,0.0056948335505701084,-0.018995408750336146,-0.6139994581049013,49,control,0,20,95
pp335_control_ans0_att20_acc90.csv,-0.019496339873092784,0.01465333417921442,-0.6069879324026586,335,control,0,20,90
pp17_control_ans0_att19_acc66.csv,-0.007109745964911083,-0.008202282527215925,-0.42174710098577817,17,control,0,19,66
pp322_guess_ans0_att19_acc72.csv,0.011636378100472243,-0.021520006233484785,-0.5915169427190382,322,guess,0,19,72
pp301_control_ans0_att17_acc60.csv,-0.036321110362127276,0.029848740085660838,-0.5639370610282654,301,control,0,17,60
pp261_control_ans0_att18_acc68.csv,0.014277430005401572,-0.02026634173520018,-0.5072147754651966,261,control,0,18,68
pp458_guess_ans0_att20_acc79.csv,-0.008092148517847397,-0.012390321087530371,-0.5438466338207834,458,guess,0,20,79
pp495_control_ans0_att19_acc82.csv,-0.0027371376469231988,0.025610652138327198,-0.5135190016699974,495,control,0,19,82
pp152_guess_ans0_att20_acc77.csv,0.0027172725550926318,-0.003590179914260207,-0.5913516579080197,152,guess,0,20,77
pp196_guess_ans0_att20_acc67.csv,-0.02501817574747401,0.025871858433391487,-0.6863300395020242,196,guess,0,20,67
